{"cameraMode":{"drawMode":0,"name":"Shaded","section":"Shading Mode"},"sceneLighting":false,"audioPlay":false,"sceneViewState":{"m_AlwaysRefresh":true,"showFog":false,"showSkybox":true,"showFlares":true,"showImageEffects":true,"showParticleSystems":true,"showVisualEffectGraphs":true,"m_FxEnabled":true},"in2DMode":false,"pivot":{"x":0.3225100040435791,"y":0.34547996520996096,"z":0.1631699800491333},"rotation":{"x":-0.11811106652021408,"y":-0.043475013226270679,"z":0.005168040748685598,"w":-0.9920433759689331},"size":0.8660253882408142,"orthographic":true}