{"cameraMode":{"drawMode":0,"name":"Shaded","section":"Shading Mode"},"sceneLighting":true,"audioPlay":false,"sceneViewState":{"showFog":false,"showMaterialUpdate":false,"showSkybox":false,"showFlares":false,"showImageEffects":false,"showParticleSystems":false},"in2DMode":false,"pivot":{"x":-0.1243114322423935,"y":0.19854925572872163,"z":0.7807856202125549},"rotation":{"x":-0.08203782141208649,"y":0.7528381943702698,"z":-0.09559958428144455,"w":-0.6460380554199219},"size":4.260479927062988,"orthographic":false}